"title_rate_id_pk","title_rate_name","min_range","max_range","owner_rate","home_owner_rate","con_loan_rate","resi_loan_rate","con_full_loan_rate","region","status","created_at","modified_at"
"1",NULL,"0","30000","677","745","484","450","542","California","1","2019-12-18 16:30:56","2024-11-26 06:22:04"
"2",NULL,"30001","40000","677","745","484","450","542","California","1","2019-12-18 16:30:56","2024-11-26 06:22:04"
"3",NULL,"40001","50000","677","745","484","450","542","California","1","2019-12-18 16:30:56","2024-11-26 06:22:04"
"4",NULL,"50001","60000","677","745","484","450","542","California","1","2019-12-18 16:30:56","2024-11-26 06:22:04"
"5",NULL,"60001","70000","677","745","484","450","542","California","1","2019-12-18 16:30:56","2024-11-26 06:22:04"
"6",NULL,"70001","80000","677","745","484","450","542","California","1","2019-12-18 16:30:56","2024-11-26 06:22:04"
"7",NULL,"80001","90000","677","745","484","450","542","California","1","2019-12-18 16:30:56","2024-11-26 06:22:04"
"8",NULL,"90001","100000","677","745","484","450","542","California","1","2019-12-18 16:30:57","2024-11-26 06:22:04"
"9",NULL,"100001","110000","703","773","495","450","562","California","1","2019-12-18 16:30:57","2024-11-26 06:22:04"
"10",NULL,"110001","120000","729","802","506","450","583","California","1","2019-12-18 16:30:57","2024-11-26 06:22:04"
"11",NULL,"120001","130000","756","832","517","450","605","California","1","2019-12-18 16:30:57","2024-11-26 06:22:04"
"12",NULL,"130001","140000","781","859","528","450","625","California","1","2019-12-18 16:30:57","2024-11-26 06:22:04"
"13",NULL,"140001","150000","807","888","539","450","646","California","1","2019-12-18 16:30:57","2024-11-26 06:22:04"
"14",NULL,"150001","160000","834","917","550","450","667","California","1","2019-12-18 16:30:57","2024-11-26 06:22:04"
"15",NULL,"160001","170000","860","946","561","450","688","California","1","2019-12-18 16:30:57","2024-11-26 06:22:04"
"16",NULL,"170001","180000","887","976","571","450","710","California","1","2019-12-18 16:30:57","2024-11-26 06:22:04"
"17",NULL,"180001","190000","911","1002","583","450","729","California","1","2019-12-18 16:30:57","2024-11-26 06:22:04"
"18",NULL,"190001","200000","943","1037","600","450","754","California","1","2019-12-18 16:30:57","2024-11-26 06:22:04"
"19",NULL,"200001","210000","964","1060","606","450","771","California","1","2019-12-18 16:30:58","2024-11-26 06:22:04"
"20",NULL,"210001","220000","991","1090","617","450","793","California","1","2019-12-18 16:30:58","2024-11-26 06:22:04"
"21",NULL,"220001","230000","1016","1118","628","450","813","California","1","2019-12-18 16:30:58","2024-11-26 06:22:04"
"22",NULL,"230001","240000","1041","1145","639","450","833","California","1","2019-12-18 16:30:58","2024-11-26 06:22:04"
"23",NULL,"240001","250000","1066","1173","652","450","853","California","1","2019-12-18 16:30:58","2024-11-26 06:22:04"
"24",NULL,"250001","260000","1091","1200","664","450","873","California","1","2019-12-18 16:30:58","2024-11-26 06:22:04"
"25",NULL,"260001","270000","1117","1229","676","450","894","California","1","2019-12-18 16:30:58","2024-11-26 06:22:04"
"26",NULL,"270001","280000","1141","1255","690","450","913","California","1","2019-12-18 16:30:58","2024-11-26 06:22:04"
"27",NULL,"280001","290000","1167","1284","702","450","934","California","1","2019-12-18 16:30:58","2024-11-26 06:22:04"
"28",NULL,"290001","300000","1192","1311","714","660","954","California","1","2019-12-18 16:30:58","2024-11-26 06:22:04"
"29",NULL,"300001","310000","1203","1323","718","660","962","California","1","2019-12-18 16:30:59","2024-11-26 06:22:04"
"30",NULL,"310001","320000","1222","1344","734","660","978","California","1","2019-12-18 16:30:59","2024-11-26 06:22:04"
"31",NULL,"320001","330000","1241","1365","748","660","993","California","1","2019-12-18 16:30:59","2024-11-26 06:22:04"
"32",NULL,"330001","340000","1260","1386","763","660","1008","California","1","2019-12-18 16:30:59","2024-11-26 06:22:04"
"33",NULL,"340001","350000","1279","1407","778","660","1023","California","1","2019-12-18 16:30:59","2024-11-26 06:22:04"
"34",NULL,"350001","360000","1298","1428","792","660","1038","California","1","2019-12-18 16:30:59","2024-11-26 06:22:04"
"35",NULL,"360001","370000","1318","1450","807","660","1054","California","1","2019-12-18 16:30:59","2024-11-26 06:22:04"
"36",NULL,"370001","380000","1338","1472","822","660","1070","California","1","2019-12-18 16:30:59","2024-11-26 06:22:04"
"37",NULL,"380001","390000","1358","1494","836","660","1086","California","1","2019-12-18 16:30:59","2024-11-26 06:22:04"
"38",NULL,"390001","400000","1377","1515","850","660","1102","California","1","2019-12-18 16:30:59","2024-11-26 06:22:04"
"39",NULL,"400001","410000","1407","1548","878","660","1126","California","1","2019-12-18 16:30:59","2024-11-26 06:22:04"
"40",NULL,"410001","420000","1425","1568","893","660","1140","California","1","2019-12-18 16:31:00","2024-11-26 06:22:04"
"41",NULL,"420001","430000","1445","1590","907","660","1156","California","1","2019-12-18 16:31:00","2024-11-26 06:22:04"
"42",NULL,"430001","440000","1463","1609","922","660","1170","California","1","2019-12-18 16:31:00","2024-11-26 06:22:04"
"43",NULL,"440001","450000","1482","1630","937","660","1186","California","1","2019-12-18 16:31:00","2024-11-26 06:22:04"
"44",NULL,"450001","460000","1502","1652","951","660","1202","California","1","2019-12-18 16:31:00","2024-11-26 06:22:04"
"45",NULL,"460001","470000","1521","1673","966","660","1217","California","1","2019-12-18 16:31:00","2024-11-26 06:22:04"
"46",NULL,"470001","480000","1540","1694","981","660","1232","California","1","2019-12-18 16:31:00","2024-11-26 06:22:04"
"47",NULL,"480001","490000","1560","1716","995","660","1248","California","1","2019-12-18 16:31:00","2024-11-26 06:22:04"
"48",NULL,"490001","500000","1579","1737","1010","660","1263","California","1","2019-12-18 16:31:00","2024-11-26 06:22:04"
"49",NULL,"500001","510000","1593","1752","1018","840","1274","California","1","2019-12-18 16:31:00","2024-11-26 06:22:04"
"50",NULL,"510001","520000","1611","1772","1029","840","1289","California","1","2019-12-18 16:31:00","2024-11-26 06:22:04"
"51",NULL,"520001","530000","1629","1792","1040","840","1303","California","1","2019-12-18 16:31:01","2024-11-26 06:22:04"
"52",NULL,"530001","540000","1648","1813","1051","840","1318","California","1","2019-12-18 16:31:01","2024-11-26 06:22:04"
"53",NULL,"540001","550000","1665","1832","1062","840","1332","California","1","2019-12-18 16:31:01","2024-11-26 06:22:04"
"54",NULL,"550001","560000","1683","1851","1073","840","1346","California","1","2019-12-18 16:31:01","2024-11-26 06:22:04"
"55",NULL,"560001","570000","1700","1870","1084","840","1360","California","1","2019-12-18 16:31:01","2024-11-26 06:22:04"
"56",NULL,"570001","580000","1719","1891","1095","840","1375","California","1","2019-12-18 16:31:01","2024-11-26 06:22:04"
"57",NULL,"580001","590000","1737","1911","1106","840","1390","California","1","2019-12-18 16:31:01","2024-11-26 06:22:04"
"58",NULL,"590001","600000","1754","1929","1117","840","1403","California","1","2019-12-18 16:31:01","2024-11-26 06:22:04"
"59",NULL,"600001","610000","1770","1947","1126","840","1416","California","1","2019-12-18 16:31:01","2024-11-26 06:22:04"
"60",NULL,"610001","620000","1788","1967","1137","840","1430","California","1","2019-12-18 16:31:01","2024-11-26 06:22:04"
"61",NULL,"620001","630000","1806","1987","1148","840","1445","California","1","2019-12-18 16:31:01","2024-11-26 06:22:04"
"62",NULL,"630001","640000","1823","2005","1159","840","1458","California","1","2019-12-18 16:31:02","2024-11-26 06:22:04"
"63",NULL,"640001","650000","1841","2025","1170","840","1473","California","1","2019-12-18 16:31:02","2024-11-26 06:22:04"
"64",NULL,"650001","660000","1860","2046","1181","840","1488","California","1","2019-12-18 16:31:02","2024-11-26 06:22:04"
"65",NULL,"660001","670000","1878","2066","1192","840","1502","California","1","2019-12-18 16:31:02","2024-11-26 06:22:04"
"66",NULL,"670001","680000","1895","2085","1203","840","1516","California","1","2019-12-18 16:31:02","2024-11-26 06:22:04"
"67",NULL,"680001","690000","1912","2103","1214","840","1530","California","1","2019-12-18 16:31:02","2024-11-26 06:22:04"
"68",NULL,"690001","700000","1930","2123","1225","840","1544","California","1","2019-12-18 16:31:02","2024-11-26 06:22:04"
"69",NULL,"700001","710000","1947","2142","1234","840","1558","California","1","2019-12-18 16:31:02","2024-11-26 06:22:04"
"70",NULL,"710001","720000","1965","2162","1245","840","1572","California","1","2019-12-18 16:31:02","2024-11-26 06:22:04"
"71",NULL,"720001","730000","1981","2179","1256","840","1585","California","1","2019-12-18 16:31:02","2024-11-26 06:22:04"
"72",NULL,"730001","740000","1999","2199","1267","840","1599","California","1","2019-12-18 16:31:02","2024-11-26 06:22:04"
"73",NULL,"740001","750000","2018","2220","1278","840","1614","California","1","2019-12-18 16:31:03","2024-11-26 06:22:04"
"74",NULL,"750001","760000","2036","2240","1289","1150","1629","California","1","2019-12-18 16:31:03","2024-11-26 06:22:04"
"75",NULL,"760001","770000","2054","2259","1300","1150","1643","California","1","2019-12-18 16:31:03","2024-11-26 06:22:04"
"76",NULL,"770001","780000","2071","2278","1311","1150","1657","California","1","2019-12-18 16:31:03","2024-11-26 06:22:04"
"77",NULL,"780001","790000","2089","2298","1322","1150","1671","California","1","2019-12-18 16:31:03","2024-11-26 06:22:04"
"78",NULL,"790001","800000","2107","2318","1333","1150","1686","California","1","2019-12-18 16:31:03","2024-11-26 06:22:04"
"79",NULL,"800001","810000","2130","2343","1344","1150","1704","California","1","2019-12-18 16:31:03","2024-11-26 06:22:04"
"80",NULL,"810001","820000","2149","2364","1355","1150","1719","California","1","2019-12-18 16:31:03","2024-11-26 06:22:04"
"81",NULL,"820001","830000","2166","2383","1366","1150","1733","California","1","2019-12-18 16:31:03","2024-11-26 06:22:04"
"82",NULL,"830001","840000","2184","2402","1377","1150","1747","California","1","2019-12-18 16:31:03","2024-11-26 06:22:04"
"83",NULL,"840001","850000","2201","2421","1388","1150","1761","California","1","2019-12-18 16:31:04","2024-11-26 06:22:04"
"84",NULL,"850001","860000","2219","2441","1396","1150","1775","California","1","2019-12-18 16:31:04","2024-11-26 06:22:04"
"85",NULL,"860001","870000","2236","2460","1403","1150","1789","California","1","2019-12-18 16:31:04","2024-11-26 06:22:04"
"86",NULL,"870001","880000","2252","2477","1411","1150","1802","California","1","2019-12-18 16:31:04","2024-11-26 06:22:04"
"87",NULL,"880001","890000","2270","2497","1419","1150","1816","California","1","2019-12-18 16:31:04","2024-11-26 06:22:04"
"88",NULL,"890001","900000","2287","2516","1427","1150","1830","California","1","2019-12-18 16:31:04","2024-11-26 06:22:04"
"89",NULL,"900001","910000","2307","2538","1434","1150","1846","California","1","2019-12-18 16:31:04","2024-11-26 06:22:04"
"90",NULL,"910001","920000","2324","2556","1442","1150","1859","California","1","2019-12-18 16:31:04","2024-11-26 06:22:04"
"91",NULL,"920001","930000","2340","2574","1450","1150","1872","California","1","2019-12-18 16:31:04","2024-11-26 06:22:04"
"92",NULL,"930001","940000","2357","2593","1457","1150","1886","California","1","2019-12-18 16:31:04","2024-11-26 06:22:04"
"93",NULL,"940001","950000","2376","2614","1465","1150","1901","California","1","2019-12-18 16:31:04","2024-11-26 06:22:04"
"94",NULL,"950001","960000","2393","2632","1473","1150","1914","California","1","2019-12-18 16:31:05","2024-11-26 06:22:04"
"95",NULL,"960001","970000","2409","2650","1480","1150","1927","California","1","2019-12-18 16:31:05","2024-11-26 06:22:04"
"96",NULL,"970001","980000","2426","2669","1488","1150","1941","California","1","2019-12-18 16:31:05","2024-11-26 06:22:04"
"97",NULL,"980001","990000","2443","2687","1496","1150","1954","California","1","2019-12-18 16:31:05","2024-11-26 06:22:04"
"98",NULL,"990001","1000000","2462","2708","1504","1150","1970","California","1","2019-12-18 16:31:05","2024-11-26 06:22:04"
"99",NULL,"1000001","1010000","2474","2721","1509","1550","1979","California","1","2019-12-18 16:31:05","2024-11-26 06:22:04"
"100",NULL,"1010001","1020000","2488","2737","1515","1550","1990","California","1","2019-12-18 16:31:05","2024-11-26 06:22:04"
"101",NULL,"1020001","1030000","2501","2751","1520","1550","2001","California","1","2019-12-18 16:31:05","2024-11-26 06:22:04"
"102",NULL,"1030001","1040000","2515","2767","1526","1550","2012","California","1","2019-12-18 16:31:05","2024-11-26 06:22:04"
"103",NULL,"1040001","1050000","2529","2782","1531","1550","2023","California","1","2019-12-18 16:31:05","2024-11-26 06:22:04"
"104",NULL,"1050001","1060000","2542","2796","1537","1550","2034","California","1","2019-12-18 16:31:05","2024-11-26 06:22:04"
"105",NULL,"1060001","1070000","2556","2812","1542","1550","2045","California","1","2019-12-18 16:31:06","2024-11-26 06:22:04"
"106",NULL,"1070001","1080000","2569","2826","1548","1550","2055","California","1","2019-12-18 16:31:06","2024-11-26 06:22:04"
"107",NULL,"1080001","1090000","2583","2841","1553","1550","2066","California","1","2019-12-18 16:31:06","2024-11-26 06:22:04"
"108",NULL,"1090001","1100000","2597","2857","1559","1550","2078","California","1","2019-12-18 16:31:06","2024-11-26 06:22:04"
"109",NULL,"1100001","1110000","2610","2871","1564","1550","2088","California","1","2019-12-18 16:31:06","2024-11-26 06:22:04"
"110",NULL,"1110001","1120000","2624","2886","1570","1550","2099","California","1","2019-12-18 16:31:06","2024-11-26 06:22:04"
"111",NULL,"1120001","1130000","2637","2901","1575","1550","2110","California","1","2019-12-18 16:31:06","2024-11-26 06:22:04"
"112",NULL,"1130001","1140000","2651","2916","1581","1550","2121","California","1","2019-12-18 16:31:06","2024-11-26 06:22:04"
"113",NULL,"1140001","1150000","2665","2932","1586","1550","2132","California","1","2019-12-18 16:31:06","2024-11-26 06:22:04"
"114",NULL,"1150001","1160000","2678","2946","1592","1550","2142","California","1","2019-12-18 16:31:06","2024-11-26 06:22:04"
"115",NULL,"1160001","1170000","2692","2961","1597","1550","2154","California","1","2019-12-18 16:31:06","2024-11-26 06:22:04"
"116",NULL,"1170001","1180000","2704","2974","1603","1550","2163","California","1","2019-12-18 16:31:07","2024-11-26 06:22:04"
"117",NULL,"1180001","1190000","2718","2990","1608","1550","2174","California","1","2019-12-18 16:31:07","2024-11-26 06:22:04"
"118",NULL,"1190001","1200000","2732","3005","1614","1550","2186","California","1","2019-12-18 16:31:07","2024-11-26 06:22:04"
"119",NULL,"1200001","1210000","2745","3020","1619","1550","2196","California","1","2019-12-18 16:31:07","2024-11-26 06:22:04"
"120",NULL,"1210001","1220000","2759","3035","1625","1550","2207","California","1","2019-12-18 16:31:07","2024-11-26 06:22:04"
"121",NULL,"1220001","1230000","2772","3049","1630","1550","2218","California","1","2019-12-18 16:31:07","2024-11-26 06:22:04"
"122",NULL,"1230001","1240000","2786","3065","1636","1550","2229","California","1","2019-12-18 16:31:07","2024-11-26 06:22:04"
"123",NULL,"1240001","1250000","2800","3080","1641","1550","2240","California","1","2019-12-18 16:31:07","2024-11-26 06:22:04"
"124",NULL,"1250001","1260000","2813","3094","1647","1550","2250","California","1","2019-12-18 16:31:07","2024-11-26 06:22:04"
"125",NULL,"1260001","1270000","2827","3110","1652","1550","2262","California","1","2019-12-18 16:31:07","2024-11-26 06:22:04"
"126",NULL,"1270001","1280000","2840","3124","1658","1550","2272","California","1","2019-12-18 16:31:07","2024-11-26 06:22:04"
"127",NULL,"1280001","1290000","2854","3139","1663","1550","2283","California","1","2019-12-18 16:31:08","2024-11-26 06:22:04"
"128",NULL,"1290001","1300000","2868","3155","1669","1550","2294","California","1","2019-12-18 16:31:08","2024-11-26 06:22:04"
"129",NULL,"1300001","1310000","2881","3169","1674","1550","2305","California","1","2019-12-18 16:31:08","2024-11-26 06:22:04"
"130",NULL,"1310001","1320000","2895","3185","1680","1550","2316","California","1","2019-12-18 16:31:08","2024-11-26 06:22:04"
"131",NULL,"1320001","1330000","2908","3199","1685","1550","2326","California","1","2019-12-18 16:31:08","2024-11-26 06:22:04"
"132",NULL,"1330001","1340000","2922","3214","1691","1550","2338","California","1","2019-12-18 16:31:08","2024-11-26 06:22:04"
"133",NULL,"1340001","1350000","2936","3230","1696","1550","2349","California","1","2019-12-18 16:31:08","2024-11-26 06:22:04"
"134",NULL,"1350001","1360000","2949","3244","1702","1550","2359","California","1","2019-12-18 16:31:08","2024-11-26 06:22:04"
"135",NULL,"1360001","1370000","2962","3258","1707","1550","2370","California","1","2019-12-18 16:31:08","2024-11-26 06:22:04"
"136",NULL,"1370001","1380000","2975","3273","1713","1550","2380","California","1","2019-12-18 16:31:08","2024-11-26 06:22:04"
"137",NULL,"1380001","1390000","2989","3288","1718","1550","2391","California","1","2019-12-18 16:31:09","2024-11-26 06:22:04"
"138",NULL,"1390001","1400000","3003","3303","1724","1550","2402","California","1","2019-12-18 16:31:09","2024-11-26 06:22:04"
"139",NULL,"1400001","1410000","3016","3318","1729","1550","2413","California","1","2019-12-18 16:31:09","2024-11-26 06:22:04"
"140",NULL,"1410001","1420000","3030","3333","1735","1550","2424","California","1","2019-12-18 16:31:09","2024-11-26 06:22:04"
"141",NULL,"1420001","1430000","3043","3347","1740","1550","2434","California","1","2019-12-18 16:31:09","2024-11-26 06:22:04"
"142",NULL,"1430001","1440000","3057","3363","1746","1550","2446","California","1","2019-12-18 16:31:09","2024-11-26 06:22:04"
"143",NULL,"1440001","1450000","3071","3378","1751","1550","2457","California","1","2019-12-18 16:31:09","2024-11-26 06:22:04"
"144",NULL,"1450001","1460000","3084","3392","1757","1550","2467","California","1","2019-12-18 16:31:09","2024-11-26 06:22:04"
"145",NULL,"1460001","1470000","3098","3408","1762","1550","2478","California","1","2019-12-18 16:31:09","2024-11-26 06:22:04"
"146",NULL,"1470001","1480000","3111","3422","1768","1550","2489","California","1","2019-12-18 16:31:09","2024-11-26 06:22:04"
"147",NULL,"1480001","1490000","3125","3438","1773","1550","2500","California","1","2019-12-18 16:31:09","2024-11-26 06:22:04"
"148",NULL,"1490001","1500000","3139","3453","1779","1550","2511","California","1","2019-12-18 16:31:10","2024-11-26 06:22:04"
"149",NULL,"1500001","1510000","3142","3456","1783","2100","2514","California","1","2019-12-18 16:31:10","2024-11-26 06:22:04"
"150",NULL,"1510001","1520000","3154","3469","1787","2100","2523","California","1","2019-12-18 16:31:10","2024-11-26 06:22:04"
"151",NULL,"1520001","1530000","3167","3484","1792","2100","2534","California","1","2019-12-18 16:31:10","2024-11-26 06:22:04"
"152",NULL,"1530001","1540000","3181","3499","1796","2100","2545","California","1","2019-12-18 16:31:10","2024-11-26 06:22:04"
"153",NULL,"1540001","1550000","3193","3512","1801","2100","2554","California","1","2019-12-18 16:31:10","2024-11-26 06:22:04"
"154",NULL,"1550001","1560000","3205","3526","1805","2100","2564","California","1","2019-12-18 16:31:10","2024-11-26 06:22:04"
"155",NULL,"1560001","1570000","3217","3539","1809","2100","2574","California","1","2019-12-18 16:31:10","2024-11-26 06:22:04"
"156",NULL,"1570001","1580000","3231","3554","1814","2100","2585","California","1","2019-12-18 16:31:10","2024-11-26 06:22:04"
"157",NULL,"1580001","1590000","3243","3567","1818","2100","2594","California","1","2019-12-18 16:31:10","2024-11-26 06:22:04"
"158",NULL,"1590001","1600000","3256","3582","1823","2100","2605","California","1","2019-12-18 16:31:10","2024-11-26 06:22:04"
"159",NULL,"1600001","1610000","3260","3586","1827","2100","2608","California","1","2019-12-18 16:31:11","2024-11-26 06:22:04"
"160",NULL,"1610001","1620000","3273","3600","1831","2100","2618","California","1","2019-12-18 16:31:11","2024-11-26 06:22:04"
"161",NULL,"1620001","1630000","3285","3614","1836","2100","2628","California","1","2019-12-18 16:31:11","2024-11-26 06:22:04"
"162",NULL,"1630001","1640000","3298","3628","1840","2100","2638","California","1","2019-12-18 16:31:11","2024-11-26 06:22:04"
"163",NULL,"1640001","1650000","3311","3642","1845","2100","2649","California","1","2019-12-18 16:31:11","2024-11-26 06:22:04"
"164",NULL,"1650001","1660000","3324","3656","1849","2100","2659","California","1","2019-12-18 16:31:11","2024-11-26 06:22:04"
"165",NULL,"1660001","1670000","3336","3670","1853","2100","2669","California","1","2019-12-18 16:31:11","2024-11-26 06:22:04"
"166",NULL,"1670001","1680000","3349","3684","1858","2100","2679","California","1","2019-12-18 16:31:11","2024-11-26 06:22:04"
"167",NULL,"1680001","1690000","3362","3698","1862","2100","2690","California","1","2019-12-18 16:31:11","2024-11-26 06:22:04"
"168",NULL,"1690001","1700000","3374","3711","1867","2100","2699","California","1","2019-12-18 16:31:11","2024-11-26 06:22:04"
"169",NULL,"1700001","1710000","3384","3722","1871","2100","2707","California","1","2019-12-18 16:31:11","2024-11-26 06:22:04"
"170",NULL,"1710001","1720000","3397","3737","1875","2100","2718","California","1","2019-12-18 16:31:12","2024-11-26 06:22:04"
"171",NULL,"1720001","1730000","3409","3750","1880","2100","2727","California","1","2019-12-18 16:31:12","2024-11-26 06:22:04"
"172",NULL,"1730001","1740000","3422","3764","1884","2100","2738","California","1","2019-12-18 16:31:12","2024-11-26 06:22:04"
"173",NULL,"1740001","1750000","3435","3779","1889","2100","2748","California","1","2019-12-18 16:31:12","2024-11-26 06:22:04"
"174",NULL,"1750001","1760000","3447","3792","1893","2100","2758","California","1","2019-12-18 16:31:12","2024-11-26 06:22:04"
"175",NULL,"1760001","1770000","3460","3806","1897","2100","2768","California","1","2019-12-18 16:31:12","2024-11-26 06:22:04"
"176",NULL,"1770001","1780000","3472","3819","1902","2100","2778","California","1","2019-12-18 16:31:12","2024-11-26 06:22:04"
"177",NULL,"1780001","1790000","3485","3834","1906","2100","2788","California","1","2019-12-18 16:31:12","2024-11-26 06:22:04"
"178",NULL,"1790001","1800000","3498","3848","1911","2100","2798","California","1","2019-12-18 16:31:12","2024-11-26 06:22:04"
"179",NULL,"1800001","1810000","3513","3864","1915","2100","2810","California","1","2019-12-18 16:31:12","2024-11-26 06:22:04"
"180",NULL,"1810001","1820000","3526","3879","1919","2100","2821","California","1","2019-12-18 16:31:12","2024-11-26 06:22:04"
"181",NULL,"1820001","1830000","3538","3892","1924","2100","2830","California","1","2019-12-18 16:31:13","2024-11-26 06:22:04"
"182",NULL,"1830001","1840000","3551","3906","1928","2100","2841","California","1","2019-12-18 16:31:13","2024-11-26 06:22:04"
"183",NULL,"1840001","1850000","3562","3918","1933","2100","2850","California","1","2019-12-18 16:31:13","2024-11-26 06:22:04"
"184",NULL,"1850001","1860000","3575","3933","1937","2100","2860","California","1","2019-12-18 16:31:13","2024-11-26 06:22:04"
"185",NULL,"1860001","1870000","3589","3948","1941","2100","2871","California","1","2019-12-18 16:31:13","2024-11-26 06:22:04"
"186",NULL,"1870001","1880000","3601","3961","1946","2100","2881","California","1","2019-12-18 16:31:13","2024-11-26 06:22:04"
"187",NULL,"1880001","1890000","3614","3975","1950","2100","2891","California","1","2019-12-18 16:31:13","2024-11-26 06:22:04"
"188",NULL,"1890001","1900000","3626","3989","1955","2100","2901","California","1","2019-12-18 16:31:13","2024-11-26 06:22:04"
"189",NULL,"1900001","1910000","3641","4005","1959","2100","2913","California","1","2019-12-18 16:31:13","2024-11-26 06:22:04"
"190",NULL,"1910001","1920000","3655","4021","1963","2100","2924","California","1","2019-12-18 16:31:13","2024-11-26 06:22:04"
"191",NULL,"1920001","1930000","3667","4034","1968","2100","2934","California","1","2019-12-18 16:31:14","2024-11-26 06:22:04"
"192",NULL,"1930001","1940000","3680","4048","1972","2100","2944","California","1","2019-12-18 16:31:14","2024-11-26 06:22:04"
"193",NULL,"1940001","1950000","3691","4060","1977","2100","2953","California","1","2019-12-18 16:31:14","2024-11-26 06:22:04"
"194",NULL,"1950001","1960000","3704","4074","1981","2100","2963","California","1","2019-12-18 16:31:14","2024-11-26 06:22:04"
"195",NULL,"1960001","1970000","3716","4088","1985","2100","2973","California","1","2019-12-18 16:31:14","2024-11-26 06:22:04"
"196",NULL,"1970001","1980000","3730","4103","1990","2100","2984","California","1","2019-12-18 16:31:14","2024-11-26 06:22:04"
"197",NULL,"1980001","1990000","3742","4116","1994","2100","2994","California","1","2019-12-18 16:31:14","2024-11-26 06:22:04"
"198",NULL,"1990001","2000000","3755","4131","1999","2100","3004","California","1","2019-12-18 16:31:14","2024-11-26 06:22:04"
"199",NULL,"2000001","2010000","3761","4137","2004","2800","3009","California","1","2019-12-18 16:31:14","2024-11-26 06:22:04"
"200",NULL,"2010001","2020000","3769","4146","2010","2800","3015","California","1","2019-12-18 16:31:14","2024-11-26 06:22:04"
"201",NULL,"2020001","2030000","3775","4153","2015","2800","3020","California","1","2019-12-18 16:31:14","2024-11-26 06:22:04"
"202",NULL,"2030001","2040000","3782","4160","2021","2800","3026","California","1","2019-12-18 16:31:15","2024-11-26 06:22:04"
"203",NULL,"2040001","2050000","3788","4167","2026","2800","3030","California","1","2019-12-18 16:31:15","2024-11-26 06:22:04"
"204",NULL,"2050001","2060000","3796","4176","2032","2800","3037","California","1","2019-12-18 16:31:15","2024-11-26 06:22:04"
"205",NULL,"2060001","2070000","3802","4182","2037","2800","3042","California","1","2019-12-18 16:31:15","2024-11-26 06:22:04"
"206",NULL,"2070001","2080000","3809","4190","2043","2800","3047","California","1","2019-12-18 16:31:15","2024-11-26 06:22:04"
"207",NULL,"2080001","2090000","3816","4198","2048","2800","3053","California","1","2019-12-18 16:31:15","2024-11-26 06:22:04"
"208",NULL,"2090001","2100000","3822","4204","2054","2800","3058","California","1","2019-12-18 16:31:15","2024-11-26 06:22:04"
"209",NULL,"2100001","2110000","3829","4212","2059","2800","3063","California","1","2019-12-18 16:31:15","2024-11-26 06:22:04"
"210",NULL,"2110001","2120000","3836","4220","2065","2800","3069","California","1","2019-12-18 16:31:15","2024-11-26 06:22:04"
"211",NULL,"2120001","2130000","3843","4227","2070","2800","3074","California","1","2019-12-18 16:31:15","2024-11-26 06:22:04"
"212",NULL,"2130001","2140000","3849","4234","2076","2800","3079","California","1","2019-12-18 16:31:15","2024-11-26 06:22:04"
"213",NULL,"2140001","2150000","3856","4242","2081","2800","3085","California","1","2019-12-18 16:31:16","2024-11-26 06:22:04"
"214",NULL,"2150001","2160000","3863","4249","2087","2800","3090","California","1","2019-12-18 16:31:16","2024-11-26 06:22:04"
"215",NULL,"2160001","2170000","3870","4257","2092","2800","3096","California","1","2019-12-18 16:31:16","2024-11-26 06:22:04"
"216",NULL,"2170001","2180000","3876","4264","2098","2800","3101","California","1","2019-12-18 16:31:16","2024-11-26 06:22:04"
"217",NULL,"2180001","2190000","3884","4272","2103","2800","3107","California","1","2019-12-18 16:31:16","2024-11-26 06:22:04"
"218",NULL,"2190001","2200000","3890","4279","2109","2800","3112","California","1","2019-12-18 16:31:16","2024-11-26 06:22:04"
"219",NULL,"2200001","2210000","3897","4287","2114","2800","3118","California","1","2019-12-18 16:31:16","2024-11-26 06:22:04"
"220",NULL,"2210001","2220000","3904","4294","2120","2800","3123","California","1","2019-12-18 16:31:16","2024-11-26 06:22:04"
"221",NULL,"2220001","2230000","3911","4302","2125","2800","3129","California","1","2019-12-18 16:31:16","2024-11-26 06:22:04"
"222",NULL,"2230001","2240000","3917","4309","2131","2800","3134","California","1","2019-12-18 16:31:16","2024-11-26 06:22:04"
"223",NULL,"2240001","2250000","3924","4316","2136","2800","3139","California","1","2019-12-18 16:31:16","2024-11-26 06:22:04"
"224",NULL,"2250001","2260000","3931","4324","2142","2800","3145","California","1","2019-12-18 16:31:17","2024-11-26 06:22:04"
"225",NULL,"2260001","2270000","3938","4332","2147","2800","3150","California","1","2019-12-18 16:31:17","2024-11-26 06:22:04"
"226",NULL,"2270001","2280000","3944","4338","2153","2800","3155","California","1","2019-12-18 16:31:17","2024-11-26 06:22:04"
"227",NULL,"2280001","2290000","3951","4346","2158","2800","3161","California","1","2019-12-18 16:31:17","2024-11-26 06:22:04"
"228",NULL,"2290001","2300000","3958","4354","2164","2800","3166","California","1","2019-12-18 16:31:17","2024-11-26 06:22:04"
"229",NULL,"2300001","2310000","3964","4360","2169","2800","3171","California","1","2019-12-18 16:31:17","2024-11-26 06:22:04"
"230",NULL,"2310001","2320000","3972","4369","2175","2800","3178","California","1","2019-12-18 16:31:17","2024-11-26 06:22:04"
"231",NULL,"2320001","2330000","3978","4376","2180","2800","3182","California","1","2019-12-18 16:31:17","2024-11-26 06:22:04"
"232",NULL,"2330001","2340000","3985","4384","2186","2800","3188","California","1","2019-12-18 16:31:17","2024-11-26 06:22:04"
"233",NULL,"2340001","2350000","3991","4390","2191","2800","3193","California","1","2019-12-18 16:31:17","2024-11-26 06:22:04"
"234",NULL,"2350001","2360000","3999","4399","2197","2800","3199","California","1","2019-12-18 16:31:17","2024-11-26 06:22:04"
"235",NULL,"2360001","2370000","4005","4406","2202","2800","3204","California","1","2019-12-18 16:31:18","2024-11-26 06:22:04"
"236",NULL,"2370001","2380000","4012","4413","2208","2800","3210","California","1","2019-12-18 16:31:18","2024-11-26 06:22:04"
"237",NULL,"2380001","2390000","4019","4421","2213","2800","3215","California","1","2019-12-18 16:31:18","2024-11-26 06:22:04"
"238",NULL,"2390001","2400000","4026","4429","2219","2800","3221","California","1","2019-12-18 16:31:18","2024-11-26 06:22:04"
"239",NULL,"2400001","2410000","4032","4435","2224","2800","3226","California","1","2019-12-18 16:31:18","2024-11-26 06:22:04"
"240",NULL,"2410001","2420000","4040","4444","2230","2800","3232","California","1","2019-12-18 16:31:18","2024-11-26 06:22:04"
"241",NULL,"2420001","2430000","4046","4451","2235","2800","3237","California","1","2019-12-18 16:31:18","2024-11-26 06:22:04"
"242",NULL,"2430001","2440000","4053","4458","2241","2800","3242","California","1","2019-12-18 16:31:18","2024-11-26 06:22:04"
"243",NULL,"2440001","2450000","4059","4465","2246","2800","3247","California","1","2019-12-18 16:31:18","2024-11-26 06:22:04"
"244",NULL,"2450001","2460000","4067","4474","2252","2800","3254","California","1","2019-12-18 16:31:18","2024-11-26 06:22:04"
"245",NULL,"2460001","2470000","4073","4480","2257","2800","3258","California","1","2019-12-18 16:31:19","2024-11-26 06:22:04"
"246",NULL,"2470001","2480000","4079","4487","2263","2800","3263","California","1","2019-12-18 16:31:19","2024-11-26 06:22:04"
"247",NULL,"2480001","2490000","4087","4496","2268","2800","3270","California","1","2019-12-18 16:31:19","2024-11-26 06:22:04"
"248",NULL,"2490001","2500000","4093","4502","2274","2800","3274","California","1","2019-12-18 16:31:19","2024-11-26 06:22:04"
"249",NULL,"2500001","2510000","4100","4510","2279","2800","3280","California","1","2019-12-18 16:31:19","2024-11-26 06:22:04"
"250",NULL,"2510001","2520000","4107","4518","2285","2800","3286","California","1","2019-12-18 16:31:19","2024-11-26 06:22:04"
"251",NULL,"2520001","2530000","4114","4525","2290","2800","3291","California","1","2019-12-18 16:31:19","2024-11-26 06:22:04"
"252",NULL,"2530001","2540000","4120","4532","2296","2800","3296","California","1","2019-12-18 16:31:19","2024-11-26 06:22:04"
"253",NULL,"2540001","2550000","4127","4540","2301","2800","3302","California","1","2019-12-18 16:31:19","2024-11-26 06:22:04"
"254",NULL,"2550001","2560000","4134","4547","2307","2800","3307","California","1","2019-12-18 16:31:19","2024-11-26 06:22:04"
"255",NULL,"2560001","2570000","4141","4555","2312","2800","3313","California","1","2019-12-18 16:31:19","2024-11-26 06:22:04"
"256",NULL,"2570001","2580000","4147","4562","2318","2800","3318","California","1","2019-12-18 16:31:20","2024-11-26 06:22:04"
"257",NULL,"2580001","2590000","4155","4571","2323","2800","3324","California","1","2019-12-18 16:31:20","2024-11-26 06:22:04"
"258",NULL,"2590001","2600000","4161","4577","2329","2800","3329","California","1","2019-12-18 16:31:20","2024-11-26 06:22:04"
"259",NULL,"2600001","2610000","4168","4585","2334","2800","3334","California","1","2019-12-18 16:31:20","2024-11-26 06:22:04"
"260",NULL,"2610001","2620000","4175","4593","2340","2800","3340","California","1","2019-12-18 16:31:20","2024-11-26 06:22:04"
"261",NULL,"2620001","2630000","4181","4599","2345","2800","3345","California","1","2019-12-18 16:31:20","2024-11-26 06:22:04"
"262",NULL,"2630001","2640000","4188","4607","2351","2800","3350","California","1","2019-12-18 16:31:20","2024-11-26 06:22:04"
"263",NULL,"2640001","2650000","4195","4615","2356","2800","3356","California","1","2019-12-18 16:31:20","2024-11-26 06:22:04"
"264",NULL,"2650001","2660000","4202","4622","2362","2800","3362","California","1","2019-12-18 16:31:20","2024-11-26 06:22:04"
"265",NULL,"2660001","2670000","4208","4629","2367","2800","3366","California","1","2019-12-18 16:31:20","2024-11-26 06:22:04"
"266",NULL,"2670001","2680000","4215","4637","2373","2800","3372","California","1","2019-12-18 16:31:20","2024-11-26 06:22:04"
"267",NULL,"2680001","2690000","4222","4644","2378","2800","3378","California","1","2019-12-18 16:31:21","2024-11-26 06:22:04"
"268",NULL,"2690001","2700000","4229","4652","2384","2800","3383","California","1","2019-12-18 16:31:21","2024-11-26 06:22:04"
"269",NULL,"2700001","2710000","4235","4659","2389","2800","3388","California","1","2019-12-18 16:31:21","2024-11-26 06:22:04"
"270",NULL,"2710001","2720000","4243","4667","2395","2800","3394","California","1","2019-12-18 16:31:21","2024-11-26 06:22:04"
"271",NULL,"2720001","2730000","4249","4674","2400","2800","3399","California","1","2019-12-18 16:31:21","2024-11-26 06:22:04"
"272",NULL,"2730001","2740000","4256","4682","2406","2800","3405","California","1","2019-12-18 16:31:21","2024-11-26 06:22:04"
"273",NULL,"2740001","2750000","4262","4688","2411","2800","3410","California","1","2019-12-18 16:31:21","2024-11-26 06:22:04"
"274",NULL,"2750001","2760000","4270","4697","2417","2800","3416","California","1","2019-12-18 16:31:21","2024-11-26 06:22:04"
"275",NULL,"2760001","2770000","4276","4704","2422","2800","3421","California","1","2019-12-18 16:31:21","2024-11-26 06:22:04"
"276",NULL,"2770001","2780000","4283","4711","2428","2800","3426","California","1","2019-12-18 16:31:21","2024-11-26 06:22:04"
"277",NULL,"2780001","2790000","4290","4719","2433","2800","3432","California","1","2019-12-18 16:31:21","2024-11-26 06:22:04"
"278",NULL,"2790001","2800000","4297","4727","2439","2800","3438","California","1","2019-12-18 16:31:22","2024-11-26 06:22:04"
"279",NULL,"2800001","2810000","4303","4733","2444","2800","3442","California","1","2019-12-18 16:31:22","2024-11-26 06:22:04"
"280",NULL,"2810001","2820000","4311","4742","2450","2800","3449","California","1","2019-12-18 16:31:22","2024-11-26 06:22:04"
"281",NULL,"2820001","2830000","4317","4749","2455","2800","3454","California","1","2019-12-18 16:31:22","2024-11-26 06:22:04"
"282",NULL,"2830001","2840000","4323","4755","2461","2800","3458","California","1","2019-12-18 16:31:22","2024-11-26 06:22:04"
"283",NULL,"2840001","2850000","4330","4763","2466","2800","3464","California","1","2019-12-18 16:31:22","2024-11-26 06:22:04"
"284",NULL,"2850001","2860000","4337","4771","2472","2800","3470","California","1","2019-12-18 16:31:22","2024-11-26 06:22:04"
"285",NULL,"2860001","2870000","4344","4778","2477","2800","3475","California","1","2019-12-18 16:31:22","2024-11-26 06:22:04"
"286",NULL,"2870001","2880000","4350","4785","2483","2800","3480","California","1","2019-12-18 16:31:22","2024-11-26 06:22:04"
"287",NULL,"2880001","2890000","4358","4794","2488","2800","3486","California","1","2019-12-18 16:31:22","2024-11-26 06:22:04"
"288",NULL,"2890001","2900000","4364","4800","2494","2800","3491","California","1","2019-12-18 16:31:22","2024-11-26 06:22:04"
"289",NULL,"2900001","2910000","4371","4808","2499","2800","3497","California","1","2019-12-18 16:31:23","2024-11-26 06:22:04"
"290",NULL,"2910001","2920000","4378","4816","2505","2800","3502","California","1","2019-12-18 16:31:23","2024-11-26 06:22:04"
"291",NULL,"2920001","2930000","4385","4824","2510","2800","3508","California","1","2019-12-18 16:31:23","2024-11-26 06:22:04"
"292",NULL,"2930001","2940000","4391","4830","2516","2800","3513","California","1","2019-12-18 16:31:23","2024-11-26 06:22:04"
"293",NULL,"2940001","2950000","4398","4838","2521","2800","3518","California","1","2019-12-18 16:31:23","2024-11-26 06:22:04"
"294",NULL,"2950001","2960000","4405","4846","2527","2800","3524","California","1","2019-12-18 16:31:23","2024-11-26 06:22:04"
"295",NULL,"2960001","2970000","4412","4853","2532","2800","3530","California","1","2019-12-18 16:31:23","2024-11-26 06:22:04"
"296",NULL,"2970001","2980000","4418","4860","2538","2800","3534","California","1","2019-12-18 16:31:23","2024-11-26 06:22:04"
"297",NULL,"2980001","2990000","4426","4869","2543","2800","3541","California","1","2019-12-18 16:31:23","2024-11-26 06:22:04"
"298",NULL,"2990001","3000000","4432","4875","2549","2800","3546","California","1","2019-12-18 16:31:23","2024-11-26 06:22:04"
"299",NULL,"3000001","3010000","0","0","0","0","0","California","1","2019-12-18 16:31:23","2024-11-26 06:22:04"
"300",NULL,"3010001","3020000","0","0","0","0","0","California","1","2019-12-18 16:31:24","2024-11-26 06:22:04"
"301",NULL,"3020001","3030000","0","0","0","0","0","California","1","2019-12-18 16:31:24","2024-11-26 06:22:04"
"302",NULL,"3030001","3040000","0","0","0","0","0","California","1","2019-12-18 16:31:24","2024-11-26 06:22:04"
"303",NULL,"3040001","3050000","0","0","0","0","0","California","1","2019-12-18 16:31:24","2024-11-26 06:22:04"
"304",NULL,"3050001","3060000","0","0","0","0","0","California","1","2019-12-18 16:31:24","2024-11-26 06:22:04"
"305",NULL,"3060001","3070000","0","0","0","0","0","California","1","2019-12-18 16:31:24","2024-11-26 06:22:04"
"306",NULL,"3070001","3080000","0","0","0","0","0","California","1","2019-12-18 16:31:24","2024-11-26 06:22:04"
"307",NULL,"3080001","3090000","0","0","0","0","0","California","1","2019-12-18 16:31:24","2024-11-26 06:22:04"
"308",NULL,"3090001","3100000","0","0","0","0","0","California","1","2019-12-18 16:31:24","2024-11-26 06:22:04"
"309",NULL,"3100001","3110000","0","0","0","0","0","California","1","2019-12-18 16:31:24","2024-11-26 06:22:04"
"310",NULL,"3110001","3120000","0","0","0","0","0","California","1","2019-12-18 16:31:25","2024-11-26 06:22:04"
"311",NULL,"3120001","3130000","0","0","0","0","0","California","1","2019-12-18 16:31:25","2024-11-26 06:22:04"
"312",NULL,"3130001","3140000","0","0","0","0","0","California","1","2019-12-18 16:31:25","2024-11-26 06:22:04"
"313",NULL,"3140001","3150000","0","0","0","0","0","California","1","2019-12-18 16:31:25","2024-11-26 06:22:04"
"314",NULL,"3150001","3160000","0","0","0","0","0","California","1","2019-12-18 16:31:25","2024-11-26 06:22:04"
"315",NULL,"3160001","3170000","0","0","0","0","0","California","1","2019-12-18 16:31:25","2024-11-26 06:22:04"
"316",NULL,"3170001","3180000","0","0","0","0","0","California","1","2019-12-18 16:31:25","2024-11-26 06:22:04"
"317",NULL,"3180001","3190000","0","0","0","0","0","California","1","2019-12-18 16:31:25","2024-11-26 06:22:04"
"318",NULL,"3190001","3200000","0","0","0","0","0","California","1","2019-12-18 16:31:25","2024-11-26 06:22:04"
"319",NULL,"3200001","3210000","0","0","0","0","0","California","1","2019-12-18 16:31:25","2024-11-26 06:22:04"
"320",NULL,"3210001","3220000","0","0","0","0","0","California","1","2019-12-18 16:31:25","2024-11-26 06:22:04"
"321",NULL,"3220001","3230000","0","0","0","0","0","California","1","2019-12-18 16:31:26","2024-11-26 06:22:04"
"322",NULL,"3230001","3240000","0","0","0","0","0","California","1","2019-12-18 16:31:26","2024-11-26 06:22:04"
"323",NULL,"3240001","3250000","0","0","0","0","0","California","1","2019-12-18 16:31:26","2024-11-26 06:22:04"
"324",NULL,"3250001","3260000","0","0","0","0","0","California","1","2019-12-18 16:31:26","2024-11-26 06:22:04"
"325",NULL,"3260001","3270000","0","0","0","0","0","California","1","2019-12-18 16:31:26","2024-11-26 06:22:04"
"326",NULL,"3270001","3280000","0","0","0","0","0","California","1","2019-12-18 16:31:26","2024-11-26 06:22:04"
"327",NULL,"3280001","3290000","0","0","0","0","0","California","1","2019-12-18 16:31:26","2024-11-26 06:22:04"
"328",NULL,"3290001","3300000","0","0","0","0","0","California","1","2019-12-18 16:31:26","2024-11-26 06:22:04"
"329",NULL,"3300001","3310000","0","0","0","0","0","California","1","2019-12-18 16:31:26","2024-11-26 06:22:04"
"330",NULL,"3310001","3320000","0","0","0","0","0","California","1","2019-12-18 16:31:26","2024-11-26 06:22:04"
"331",NULL,"3320001","3330000","0","0","0","0","0","California","1","2019-12-18 16:31:26","2024-11-26 06:22:04"
"332",NULL,"3330001","3340000","0","0","0","0","0","California","1","2019-12-18 16:31:27","2024-11-26 06:22:05"
"333",NULL,"3340001","3350000","0","0","0","0","0","California","1","2019-12-18 16:31:27","2024-11-26 06:22:05"
"334",NULL,"3350001","3360000","0","0","0","0","0","California","1","2019-12-18 16:31:27","2024-11-26 06:22:05"
"335",NULL,"3360001","3370000","0","0","0","0","0","California","1","2019-12-18 16:31:27","2024-11-26 06:22:05"
"336",NULL,"3370001","3380000","0","0","0","0","0","California","1","2019-12-18 16:31:27","2024-11-26 06:22:05"
"337",NULL,"3380001","3390000","0","0","0","0","0","California","1","2019-12-18 16:31:27","2024-11-26 06:22:05"
"338",NULL,"3390001","3400000","0","0","0","0","0","California","1","2019-12-18 16:31:27","2024-11-26 06:22:05"
"339",NULL,"3400001","3410000","0","0","0","0","0","California","1","2019-12-18 16:31:27","2024-11-26 06:22:05"
"340",NULL,"3410001","3420000","0","0","0","0","0","California","1","2019-12-18 16:31:27","2024-11-26 06:22:05"
"341",NULL,"3420001","3430000","0","0","0","0","0","California","1","2019-12-18 16:31:27","2024-11-26 06:22:05"
"342",NULL,"3430001","3440000","0","0","0","0","0","California","1","2019-12-18 16:31:27","2024-11-26 06:22:05"
"343",NULL,"3440001","3450000","0","0","0","0","0","California","1","2019-12-18 16:31:28","2024-11-26 06:22:05"
"344",NULL,"3450001","3460000","0","0","0","0","0","California","1","2019-12-18 16:31:28","2024-11-26 06:22:05"
"345",NULL,"3460001","3470000","0","0","0","0","0","California","1","2019-12-18 16:31:28","2024-11-26 06:22:05"
"346",NULL,"3470001","3480000","0","0","0","0","0","California","1","2019-12-18 16:31:28","2024-11-26 06:22:05"
"347",NULL,"3480001","3490000","0","0","0","0","0","California","1","2019-12-18 16:31:28","2024-11-26 06:22:05"
"348",NULL,"3490001","3500000","0","0","0","0","0","California","1","2019-12-18 16:31:28","2024-11-26 06:22:05"
"349",NULL,"3500001","3510000","0","0","0","0","0","California","1","2019-12-18 16:31:28","2024-11-26 06:22:05"
"350",NULL,"3510001","3520000","0","0","0","0","0","California","1","2019-12-18 16:31:28","2024-11-26 06:22:05"
"351",NULL,"3520001","3530000","0","0","0","0","0","California","1","2019-12-18 16:31:28","2024-11-26 06:22:05"
"352",NULL,"3530001","3540000","0","0","0","0","0","California","1","2019-12-18 16:31:28","2024-11-26 06:22:05"
"353",NULL,"3540001","3550000","0","0","0","0","0","California","1","2019-12-18 16:31:28","2024-11-26 06:22:05"
"354",NULL,"3550001","3560000","0","0","0","0","0","California","1","2019-12-18 16:31:29","2024-11-26 06:22:05"
"355",NULL,"3560001","3570000","0","0","0","0","0","California","1","2019-12-18 16:31:29","2024-11-26 06:22:05"
"356",NULL,"3570001","3580000","0","0","0","0","0","California","1","2019-12-18 16:31:29","2024-11-26 06:22:05"
"357",NULL,"3580001","3590000","0","0","0","0","0","California","1","2019-12-18 16:31:29","2024-11-26 06:22:05"
"358",NULL,"3590001","3600000","0","0","0","0","0","California","1","2019-12-18 16:31:29","2024-11-26 06:22:05"
"359",NULL,"3600001","3610000","0","0","0","0","0","California","1","2019-12-18 16:31:29","2024-11-26 06:22:05"
"360",NULL,"3610001","3620000","0","0","0","0","0","California","1","2019-12-18 16:31:29","2024-11-26 06:22:05"
"361",NULL,"3620001","3630000","0","0","0","0","0","California","1","2019-12-18 16:31:29","2024-11-26 06:22:05"
"362",NULL,"3630001","3640000","0","0","0","0","0","California","1","2019-12-18 16:31:29","2024-11-26 06:22:05"
"363",NULL,"3640001","3650000","0","0","0","0","0","California","1","2019-12-18 16:31:29","2024-11-26 06:22:05"
"364",NULL,"3650001","3660000","0","0","0","0","0","California","1","2019-12-18 16:31:29","2024-11-26 06:22:05"
"365",NULL,"3660001","3670000","0","0","0","0","0","California","1","2019-12-18 16:31:30","2024-11-26 06:22:05"
"366",NULL,"3670001","3680000","0","0","0","0","0","California","1","2019-12-18 16:31:30","2024-11-26 06:22:05"
"367",NULL,"3680001","3690000","0","0","0","0","0","California","1","2019-12-18 16:31:30","2024-11-26 06:22:05"
"368",NULL,"3690001","3700000","0","0","0","0","0","California","1","2019-12-18 16:31:30","2024-11-26 06:22:05"
"369",NULL,"3700001","3710000","0","0","0","0","0","California","1","2019-12-18 16:31:30","2024-11-26 06:22:05"
"370",NULL,"3710001","3720000","0","0","0","0","0","California","1","2019-12-18 16:31:30","2024-11-26 06:22:05"
"371",NULL,"3720001","3730000","0","0","0","0","0","California","1","2019-12-18 16:31:30","2024-11-26 06:22:05"
"372",NULL,"3730001","3740000","0","0","0","0","0","California","1","2019-12-18 16:31:30","2024-11-26 06:22:05"
"373",NULL,"3740001","3750000","0","0","0","0","0","California","1","2019-12-18 16:31:30","2024-11-26 06:22:05"
"374",NULL,"3750001","3760000","0","0","0","0","0","California","1","2019-12-18 16:31:30","2024-11-26 06:22:05"
"375",NULL,"3760001","3770000","0","0","0","0","0","California","1","2019-12-18 16:31:31","2024-11-26 06:22:05"
"376",NULL,"3770001","3780000","0","0","0","0","0","California","1","2019-12-18 16:31:31","2024-11-26 06:22:05"
"377",NULL,"3780001","3790000","0","0","0","0","0","California","1","2019-12-18 16:31:31","2024-11-26 06:22:05"
"378",NULL,"3790001","3800000","0","0","0","0","0","California","1","2019-12-18 16:31:31","2024-11-26 06:22:05"
"379",NULL,"3800001","3810000","0","0","0","0","0","California","1","2019-12-18 16:31:31","2024-11-26 06:22:05"
"380",NULL,"3810001","3820000","0","0","0","0","0","California","1","2019-12-18 16:31:31","2024-11-26 06:22:05"
"381",NULL,"3820001","3830000","0","0","0","0","0","California","1","2019-12-18 16:31:31","2024-11-26 06:22:05"
"382",NULL,"3830001","3840000","0","0","0","0","0","California","1","2019-12-18 16:31:31","2024-11-26 06:22:05"
"383",NULL,"3840001","3850000","0","0","0","0","0","California","1","2019-12-18 16:31:31","2024-11-26 06:22:05"
"384",NULL,"3850001","3860000","0","0","0","0","0","California","1","2019-12-18 16:31:31","2024-11-26 06:22:05"
"385",NULL,"3860001","3870000","0","0","0","0","0","California","1","2019-12-18 16:31:31","2024-11-26 06:22:05"
"386",NULL,"3870001","3880000","0","0","0","0","0","California","1","2019-12-18 16:31:32","2024-11-26 06:22:05"
"387",NULL,"3880001","3890000","0","0","0","0","0","California","1","2019-12-18 16:31:32","2024-11-26 06:22:05"
"388",NULL,"3890001","3900000","0","0","0","0","0","California","1","2019-12-18 16:31:32","2024-11-26 06:22:05"
"389",NULL,"3900001","3910000","0","0","0","0","0","California","1","2019-12-18 16:31:32","2024-11-26 06:22:05"
"390",NULL,"3910001","3920000","0","0","0","0","0","California","1","2019-12-18 16:31:32","2024-11-26 06:22:05"
"391",NULL,"3920001","3930000","0","0","0","0","0","California","1","2019-12-18 16:31:32","2024-11-26 06:22:05"
"392",NULL,"3930001","3940000","0","0","0","0","0","California","1","2019-12-18 16:31:32","2024-11-26 06:22:05"
"393",NULL,"3940001","3950000","0","0","0","0","0","California","1","2019-12-18 16:31:32","2024-11-26 06:22:05"
"394",NULL,"3950001","3960000","0","0","0","0","0","California","1","2019-12-18 16:31:32","2024-11-26 06:22:05"
"395",NULL,"3960001","3970000","0","0","0","0","0","California","1","2019-12-18 16:31:32","2024-11-26 06:22:05"
"396",NULL,"3970001","3980000","0","0","0","0","0","California","1","2019-12-18 16:31:32","2024-11-26 06:22:05"
"397",NULL,"3980001","3990000","0","0","0","0","0","California","1","2019-12-18 16:31:33","2024-11-26 06:22:05"
"398",NULL,"3990001","4000000","0","0","0","0","0","California","1","2019-12-18 16:31:33","2024-11-26 06:22:05"
"399",NULL,"4000001","4010000","0","0","0","0","0","California","1","2019-12-18 16:31:33","2024-11-26 06:22:05"
"400",NULL,"4010001","4020000","0","0","0","0","0","California","1","2019-12-18 16:31:33","2024-11-26 06:22:05"
"401",NULL,"4020001","4030000","0","0","0","0","0","California","1","2019-12-18 16:31:33","2024-11-26 06:22:05"
"402",NULL,"4030001","4040000","0","0","0","0","0","California","1","2019-12-18 16:31:33","2024-11-26 06:22:05"
"403",NULL,"4040001","4050000","0","0","0","0","0","California","1","2019-12-18 16:31:33","2024-11-26 06:22:05"
"404",NULL,"4050001","4060000","0","0","0","0","0","California","1","2019-12-18 16:31:33","2024-11-26 06:22:05"
"405",NULL,"4060001","4070000","0","0","0","0","0","California","1","2019-12-18 16:31:33","2024-11-26 06:22:05"
"406",NULL,"4070001","4080000","0","0","0","0","0","California","1","2019-12-18 16:31:33","2024-11-26 06:22:05"
"407",NULL,"4080001","4090000","0","0","0","0","0","California","1","2019-12-18 16:31:33","2024-11-26 06:22:05"
"408",NULL,"4090001","4100000","0","0","0","0","0","California","1","2019-12-18 16:31:34","2024-11-26 06:22:05"
"409",NULL,"4100001","4110000","0","0","0","0","0","California","1","2019-12-18 16:31:34","2024-11-26 06:22:05"
"410",NULL,"4110001","4120000","0","0","0","0","0","California","1","2019-12-18 16:31:34","2024-11-26 06:22:05"
"411",NULL,"4120001","4130000","0","0","0","0","0","California","1","2019-12-18 16:31:34","2024-11-26 06:22:05"
"412",NULL,"4130001","4140000","0","0","0","0","0","California","1","2019-12-18 16:31:34","2024-11-26 06:22:05"
"413",NULL,"4140001","4150000","0","0","0","0","0","California","1","2019-12-18 16:31:34","2024-11-26 06:22:05"
"414",NULL,"4150001","4160000","0","0","0","0","0","California","1","2019-12-18 16:31:34","2024-11-26 06:22:05"
"415",NULL,"4160001","4170000","0","0","0","0","0","California","1","2019-12-18 16:31:34","2024-11-26 06:22:05"
"416",NULL,"4170001","4180000","0","0","0","0","0","California","1","2019-12-18 16:31:34","2024-11-26 06:22:05"
"417",NULL,"4180001","4190000","0","0","0","0","0","California","1","2019-12-18 16:31:34","2024-11-26 06:22:05"
"418",NULL,"4190001","4200000","0","0","0","0","0","California","1","2019-12-18 16:31:34","2024-11-26 06:22:05"
"419",NULL,"4200001","4210000","0","0","0","0","0","California","1","2019-12-18 16:31:35","2024-11-26 06:22:05"
"420",NULL,"4210001","4220000","0","0","0","0","0","California","1","2019-12-18 16:31:35","2024-11-26 06:22:05"
"421",NULL,"4220001","4230000","0","0","0","0","0","California","1","2019-12-18 16:31:35","2024-11-26 06:22:05"
"422",NULL,"4230001","4240000","0","0","0","0","0","California","1","2019-12-18 16:31:35","2024-11-26 06:22:05"
"423",NULL,"4240001","4250000","0","0","0","0","0","California","1","2019-12-18 16:31:35","2024-11-26 06:22:05"
"424",NULL,"4250001","4260000","0","0","0","0","0","California","1","2019-12-18 16:31:35","2024-11-26 06:22:05"
"425",NULL,"4260001","4270000","0","0","0","0","0","California","1","2019-12-18 16:31:35","2024-11-26 06:22:05"
"426",NULL,"4270001","4280000","0","0","0","0","0","California","1","2019-12-18 16:31:35","2024-11-26 06:22:05"
"427",NULL,"4280001","4290000","0","0","0","0","0","California","1","2019-12-18 16:31:35","2024-11-26 06:22:05"
"428",NULL,"4290001","4300000","0","0","0","0","0","California","1","2019-12-18 16:31:35","2024-11-26 06:22:05"
"429",NULL,"4300001","4310000","0","0","0","0","0","California","1","2019-12-18 16:31:36","2024-11-26 06:22:05"
"430",NULL,"4310001","4320000","0","0","0","0","0","California","1","2019-12-18 16:31:36","2024-11-26 06:22:05"
"431",NULL,"4320001","4330000","0","0","0","0","0","California","1","2019-12-18 16:31:36","2024-11-26 06:22:05"
"432",NULL,"4330001","4340000","0","0","0","0","0","California","1","2019-12-18 16:31:36","2024-11-26 06:22:05"
"433",NULL,"4340001","4350000","0","0","0","0","0","California","1","2019-12-18 16:31:36","2024-11-26 06:22:05"
"434",NULL,"4350001","4360000","0","0","0","0","0","California","1","2019-12-18 16:31:36","2024-11-26 06:22:05"
"435",NULL,"4360001","4370000","0","0","0","0","0","California","1","2019-12-18 16:31:36","2024-11-26 06:22:05"
"436",NULL,"4370001","4380000","0","0","0","0","0","California","1","2019-12-18 16:31:36","2024-11-26 06:22:05"
"437",NULL,"4380001","4390000","0","0","0","0","0","California","1","2019-12-18 16:31:36","2024-11-26 06:22:05"
"438",NULL,"4390001","4400000","0","0","0","0","0","California","1","2019-12-18 16:31:36","2024-11-26 06:22:05"
"439",NULL,"4400001","4410000","0","0","0","0","0","California","1","2019-12-18 16:31:36","2024-11-26 06:22:05"
"440",NULL,"4410001","4420000","0","0","0","0","0","California","1","2019-12-18 16:31:37","2024-11-26 06:22:05"
"441",NULL,"4420001","4430000","0","0","0","0","0","California","1","2019-12-18 16:31:37","2024-11-26 06:22:05"
"442",NULL,"4430001","4440000","0","0","0","0","0","California","1","2019-12-18 16:31:37","2024-11-26 06:22:05"
"443",NULL,"4440001","4450000","0","0","0","0","0","California","1","2019-12-18 16:31:37","2024-11-26 06:22:05"
"444",NULL,"4450001","4460000","0","0","0","0","0","California","1","2019-12-18 16:31:37","2024-11-26 06:22:05"
"445",NULL,"4460001","4470000","0","0","0","0","0","California","1","2019-12-18 16:31:37","2024-11-26 06:22:05"
"446",NULL,"4470001","4480000","0","0","0","0","0","California","1","2019-12-18 16:31:37","2024-11-26 06:22:05"
"447",NULL,"4480001","4490000","0","0","0","0","0","California","1","2019-12-18 16:31:37","2024-11-26 06:22:05"
"448",NULL,"4490001","4500000","0","0","0","0","0","California","1","2019-12-18 16:31:37","2024-11-26 06:22:05"
"449",NULL,"4500001","4510000","0","0","0","0","0","California","1","2019-12-18 16:31:37","2024-11-26 06:22:05"
"450",NULL,"4510001","4520000","0","0","0","0","0","California","1","2019-12-18 16:31:37","2024-11-26 06:22:05"
"451",NULL,"4520001","4530000","0","0","0","0","0","California","1","2019-12-18 16:31:38","2024-11-26 06:22:05"
"452",NULL,"4530001","4540000","0","0","0","0","0","California","1","2019-12-18 16:31:38","2024-11-26 06:22:05"
"453",NULL,"4540001","4550000","0","0","0","0","0","California","1","2019-12-18 16:31:38","2024-11-26 06:22:05"
"454",NULL,"4550001","4560000","0","0","0","0","0","California","1","2019-12-18 16:31:38","2024-11-26 06:22:05"
"455",NULL,"4560001","4570000","0","0","0","0","0","California","1","2019-12-18 16:31:38","2024-11-26 06:22:05"
"456",NULL,"4570001","4580000","0","0","0","0","0","California","1","2019-12-18 16:31:38","2024-11-26 06:22:05"
"457",NULL,"4580001","4590000","0","0","0","0","0","California","1","2019-12-18 16:31:38","2024-11-26 06:22:05"
"458",NULL,"4590001","4600000","0","0","0","0","0","California","1","2019-12-18 16:31:38","2024-11-26 06:22:05"
"459",NULL,"4600001","4610000","0","0","0","0","0","California","1","2019-12-18 16:31:38","2024-11-26 06:22:05"
"460",NULL,"4610001","4620000","0","0","0","0","0","California","1","2019-12-18 16:31:38","2024-11-26 06:22:05"
"461",NULL,"4620001","4630000","0","0","0","0","0","California","1","2019-12-18 16:31:38","2024-11-26 06:22:05"
"462",NULL,"4630001","4640000","0","0","0","0","0","California","1","2019-12-18 16:31:39","2024-11-26 06:22:05"
"463",NULL,"4640001","4650000","0","0","0","0","0","California","1","2019-12-18 16:31:39","2024-11-26 06:22:05"
"464",NULL,"4650001","4660000","0","0","0","0","0","California","1","2019-12-18 16:31:39","2024-11-26 06:22:05"
"465",NULL,"4660001","4670000","0","0","0","0","0","California","1","2019-12-18 16:31:39","2024-11-26 06:22:05"
"466",NULL,"4670001","4680000","0","0","0","0","0","California","1","2019-12-18 16:31:39","2024-11-26 06:22:05"
"467",NULL,"4680001","4690000","0","0","0","0","0","California","1","2019-12-18 16:31:39","2024-11-26 06:22:05"
"468",NULL,"4690001","4700000","0","0","0","0","0","California","1","2019-12-18 16:31:39","2024-11-26 06:22:05"
"469",NULL,"4700001","4710000","0","0","0","0","0","California","1","2019-12-18 16:31:39","2024-11-26 06:22:05"
"470",NULL,"4710001","4720000","0","0","0","0","0","California","1","2019-12-18 16:31:39","2024-11-26 06:22:05"
"471",NULL,"4720001","4730000","0","0","0","0","0","California","1","2019-12-18 16:31:39","2024-11-26 06:22:05"
"472",NULL,"4730001","4740000","0","0","0","0","0","California","1","2019-12-18 16:31:39","2024-11-26 06:22:05"
"473",NULL,"4740001","4750000","0","0","0","0","0","California","1","2019-12-18 16:31:40","2024-11-26 06:22:05"
"474",NULL,"4750001","4760000","0","0","0","0","0","California","1","2019-12-18 16:31:40","2024-11-26 06:22:05"
"475",NULL,"4760001","4770000","0","0","0","0","0","California","1","2019-12-18 16:31:40","2024-11-26 06:22:05"
"476",NULL,"4770001","4780000","0","0","0","0","0","California","1","2019-12-18 16:31:40","2024-11-26 06:22:05"
"477",NULL,"4780001","4790000","0","0","0","0","0","California","1","2019-12-18 16:31:40","2024-11-26 06:22:05"
"478",NULL,"4790001","4800000","0","0","0","0","0","California","1","2019-12-18 16:31:40","2024-11-26 06:22:05"
"479",NULL,"4800001","4810000","0","0","0","0","0","California","1","2019-12-18 16:31:40","2024-11-26 06:22:05"
"480",NULL,"4810001","4820000","0","0","0","0","0","California","1","2019-12-18 16:31:40","2024-11-26 06:22:05"
"481",NULL,"4820001","4830000","0","0","0","0","0","California","1","2019-12-18 16:31:40","2024-11-26 06:22:05"
"482",NULL,"4830001","4840000","0","0","0","0","0","California","1","2019-12-18 16:31:40","2024-11-26 06:22:05"
"483",NULL,"4840001","4850000","0","0","0","0","0","California","1","2019-12-18 16:31:40","2024-11-26 06:22:05"
"484",NULL,"4850001","4860000","0","0","0","0","0","California","1","2019-12-18 16:31:41","2024-11-26 06:22:05"
"485",NULL,"4860001","4870000","0","0","0","0","0","California","1","2019-12-18 16:31:41","2024-11-26 06:22:05"
"486",NULL,"4870001","4880000","0","0","0","0","0","California","1","2019-12-18 16:31:41","2024-11-26 06:22:05"
"487",NULL,"4880001","4890000","0","0","0","0","0","California","1","2019-12-18 16:31:41","2024-11-26 06:22:05"
"488",NULL,"4890001","4900000","0","0","0","0","0","California","1","2019-12-18 16:31:41","2024-11-26 06:22:05"
"489",NULL,"4900001","4910000","0","0","0","0","0","California","1","2019-12-18 16:31:41","2024-11-26 06:22:05"
"490",NULL,"4910001","4920000","0","0","0","0","0","California","1","2019-12-18 16:31:41","2024-11-26 06:22:05"
"491",NULL,"4920001","4930000","0","0","0","0","0","California","1","2019-12-18 16:31:41","2024-11-26 06:22:05"
"492",NULL,"4930001","4940000","0","0","0","0","0","California","1","2019-12-18 16:31:41","2024-11-26 06:22:05"
"493",NULL,"4940001","4950000","0","0","0","0","0","California","1","2019-12-18 16:31:41","2024-11-26 06:22:05"
"494",NULL,"4950001","4960000","0","0","0","0","0","California","1","2019-12-18 16:31:42","2024-11-26 06:22:05"
"495",NULL,"4960001","4970000","0","0","0","0","0","California","1","2019-12-18 16:31:42","2024-11-26 06:22:05"
"496",NULL,"4970001","4980000","0","0","0","0","0","California","1","2019-12-18 16:31:42","2024-11-26 06:22:05"
"497",NULL,"4980001","4990000","0","0","0","0","0","California","1","2019-12-18 16:31:42","2024-11-26 06:22:05"
"498",NULL,"4990001","5000000","0","0","0","0","0","California","1","2019-12-18 16:31:42","2024-11-26 06:22:05"
